ano,actividad_grp,total,share
2000,Empleado,11608,0.5910386965376782
2000,Empresario/a o patrón/a,379,0.01929735234215886
2000,Estudiante,1982,0.10091649694501019
2000,No informa,1277,0.06502036659877801
2000,Otras actividades,4106,0.2090631364562118
2000,Trabajador por cuenta propia,288,0.014663951120162933
2001,Empleado,18289,0.6610163365620934
2001,Empresario/a o patrón/a,426,0.015396848344658088
2001,Estudiante,2765,0.09993494289431834
2001,No informa,1363,0.04926268613560792
2001,Otras actividades,4399,0.15899233771866417
2001,Trabajador por cuenta propia,426,0.015396848344658088
2002,Empleado,17219,0.6262137687747754
2002,Empresario/a o patrón/a,551,0.020038549659962906
2002,Estudiante,3133,0.11393970251300142
2002,No informa,1538,0.055933374549950905
2002,Otras actividades,4543,0.16521802378441283
2002,Trabajador por cuenta propia,513,0.018656580717896498
2003,Empleado,20414,0.6085556714860635
2003,Empresario/a o patrón/a,617,0.018393203159934417
2003,Estudiante,4121,0.12284990311521836
2003,No informa,2069,0.06167834252496646
2003,Otras actividades,5659,0.16869876285586524
2003,Trabajador por cuenta propia,665,0.019824116857952004
2004,Empleado,21352,0.6164684143665551
2004,Empresario/a o patrón/a,630,0.01818916734033953
2004,Estudiante,4118,0.1188936366786003
2004,No informa,2130,0.061496708626862226
2004,Otras actividades,5696,0.16445317011202218
2004,Trabajador por cuenta propia,710,0.020498902875620742
2005,Empleado,26733,0.6202408296791257
2005,Empresario/a o patrón/a,757,0.017563397600983736
2005,Estudiante,4549,0.10554279483074638
2005,No informa,2044,0.04742349365443957
2005,Otras actividades,7965,0.1847984965546043
2005,Trabajador por cuenta propia,1053,0.02443098768010023
2006,Empleado,34113,0.6560823156072699
2006,Empresario/a o patrón/a,804,0.015463025290893355
2006,Estudiante,4821,0.09272045388979709
2006,No informa,1946,0.037426675641888646
2006,Otras actividades,8948,0.17209347052601212
2006,Trabajador por cuenta propia,1363,0.02621405904413886
2007,Empleado,55645,0.6203317651780339
2007,Empresario/a o patrón/a,848,0.009453523890214265
2007,Estudiante,6583,0.07338743840717041
2007,No informa,13528,0.15081046130521059
2007,Otras actividades,11430,0.12742190809569465
2007,Trabajador por cuenta propia,1668,0.018594903123676173
2008,Empleado,41975,0.5946478154927183
2008,Empresario/a o patrón/a,598,0.008471694905649686
2008,Estudiante,6755,0.09569615232050774
2008,No informa,8910,0.1262254207514025
2008,Otras actividades,11390,0.16135887119623732
2008,Trabajador por cuenta propia,960,0.013600045333484445
2009,Empleado,38111,0.6306635776931987
2009,Empresario/a o patrón/a,514,0.00850570908489161
2009,Estudiante,6161,0.10195267251365216
2009,No informa,2823,0.046715207678305476
2009,Otras actividades,11473,0.18985603177229854
2009,Trabajador por cuenta propia,1348,0.022306801257653483
2010,Empleado,45856,0.6532100682326463
2010,Empresario/a o patrón/a,590,0.00840443868320964
2010,Estudiante,7324,0.10432899816241933
2010,No informa,2693,0.038361276904887394
2010,Otras actividades,12308,0.17532513781854958
2010,Trabajador por cuenta propia,1430,0.020370080198287774
2011,Empleado,54956,0.673835477028336
2011,Empresario/a o patrón/a,838,0.010275022376987873
2011,Estudiante,8182,0.10032247385264294
2011,No informa,2676,0.03281140797233836
2011,Otras actividades,13491,0.16541805117893008
2011,Trabajador por cuenta propia,1414,0.01733756759076474
2012,Empleado,76189,0.7096987536561283
2012,Empresario/a o patrón/a,1076,0.010022914842483745
2012,Estudiante,10351,0.0964193229874993
2012,No informa,3388,0.031559140786556625
2012,Otras actividades,14562,0.1356446895318293
2012,Trabajador por cuenta propia,1788,0.016655178195502728
2013,Empleado,99681,0.7359029633676377
2013,Empresario/a o patrón/a,1153,0.008512114813885157
2013,Estudiante,13084,0.09659367755843312
2013,No informa,3424,0.025277954139412643
2013,Otras actividades,16065,0.11860114872945797
2013,Trabajador por cuenta propia,2047,0.015112141391173388
2014,Empleado,100052,0.7154338996624907
2014,Empresario/a o patrón/a,1255,0.008974028945712488
2014,Estudiante,14820,0.10597219838681998
2014,No informa,3755,0.026850580630398718
2014,Otras actividades,17869,0.1277744408214633
2014,Trabajador por cuenta propia,2097,0.014994851553114811
2015,Empleado,126668,0.7298225397557041
2015,Empresario/a o patrón/a,1560,0.008988246139663517
2015,Estudiante,18131,0.10446531458861488
2015,No informa,6030,0.034743028347545515
2015,Otras actividades,19166,0.11042867020050703
2015,Trabajador por cuenta propia,2005,0.011552200967964969
2016,Empleado,134929,0.7504185089402409
2016,Empresario/a o patrón/a,1443,0.008025360807541503
2016,Estudiante,17541,0.09755568532576958
2016,No informa,6260,0.03481549456355496
2016,Otras actividades,18079,0.10054781568921888
2016,Trabajador por cuenta propia,1553,0.008637134673674258
2017,Empleado,199204,0.7573691834492303
2017,Empresario/a o patrón/a,1578,0.005999520950798605
2017,Estudiante,30084,0.11437869979963577
2017,No informa,9542,0.03627847206116622
2017,Otras actividades,20881,0.07938909820888826
2017,Trabajador por cuenta propia,1732,0.006585025530280852
2018,Empleado,308539,0.7038725205032565
2018,Empresario/a o patrón/a,1489,0.003396867763975864
2018,Estudiante,44940,0.10252198610683366
2018,No informa,42968,0.09802324652956004
2018,Otras actividades,34001,0.0775667567783367
2018,Trabajador por cuenta propia,6408,0.014618622318037162
2019,Empleado,232847,0.709229082269806
2019,Empresario/a o patrón/a,1319,0.004017544394017849
2019,Estudiante,40570,0.12357223355974536
2019,No informa,19002,0.057878224848466386
2019,Otras actividades,30935,0.09422497030245804
2019,Trabajador por cuenta propia,3637,0.01107794462550638
2020,Empleado,147562,0.743153272025866
2020,Empresario/a o patrón/a,448,0.002256222237890432
2020,Estudiante,22119,0.11139593678548766
2020,No informa,6829,0.03439228049677179
2020,Otras actividades,20270,0.10208398384383718
2020,Trabajador por cuenta propia,1334,0.006718304610146957
2021,Empleado,52765,0.5338047689864134
2021,Empresario/a o patrón/a,172,0.0017400629255313767
2021,Estudiante,8977,0.09081712140985564
2021,No informa,22220,0.22479185003085578
2021,Otras actividades,13287,0.13441986099729886
2021,Trabajador por cuenta propia,1426,0.01442633565004502
2022,Empleado,41129,0.16280266475610675
2022,Empresario/a o patrón/a,252,9.975022859427386e-4
2022,Estudiante,14950,0.059177218947793424
2022,No informa,180847,0.7158543488328828
2022,Otras actividades,14543,0.057566173589147805
2022,Trabajador por cuenta propia,910,0.003602091588126556
2023,Empleado,28889,0.3198728879243528
2023,Empresario/a o patrón/a,224,0.0024802356223841263
2023,Estudiante,23589,0.26118874150187127
2023,No informa,22928,0.25386983191974666
2023,Otras actividades,13355,0.14787297650419648
2023,Trabajador por cuenta propia,1329,0.01471532652744868
2024,Empleado,48072,0.33014669523652546
2024,Empresario/a o patrón/a,221,0.0015177737486951266
2024,Estudiante,41599,0.28569172023515194
2024,No informa,33031,0.22684879951651007
2024,Otras actividades,18663,0.1281729025877699
2024,Trabajador por cuenta propia,4022,0.02762210867534751
2025,Empleado,125120,0.517942965008217
2025,Empresario/a o patrón/a,624,0.00258309151346809
2025,Estudiante,43138,0.17857275914741422
2025,No informa,32449,0.1343248982700738
2025,Otras actividades,29705,0.1229659189223872
2025,Trabajador por cuenta propia,10535,0.04361036713843963
